Timestamp,BA1,BA2,BA3,CB1,CB2,CB3,CB4,CB5,CB6,BAT1,BAT2,BAT3,BAT4,BAT5,BL1,BL2,BL3,BL4,Gender,Age,Marital status,Education level,Approximate income “Kuwaiti Dinar”,Nationality,Occupation
2022/03/24 10:37:06 PM GMT+3,2,2,2,1,2,1,2,2,2,2,1,2,2,2,2,2,1,1,Male,31-45,Married,Bachelor’s Degree,More than 1000,Kuwaiti,Private Sector
2022/03/24 11:03:14 PM GMT+3,1,1,1,1,1,1,1,1,1,1,1,1,1,1,1,1,1,1,Female,Above 45,Married,Bachelor’s Degree,Prefer not to say,Kuwaiti,Free Business
2022/03/24 11:27:25 PM GMT+3,2,4,3,2,2,1,1,1,1,3,3,4,3,2,1,1,1,1,Female,31-45,Divorced,Bachelor’s Degree,More than 1000,Kuwaiti,Private Sector
2022/03/24 11:51:55 PM GMT+3,5,5,4,5,4,5,4,5,4,2,5,5,4,5,4,4,4,4,Female,Above 45,Married,Bachelor’s Degree,500 to 1000,Kuwaiti,Government Sector
2022/03/24 11:55:00 PM GMT+3,3,3,1,1,1,1,1,1,1,1,1,1,1,1,1,1,1,1,Female,Above 45,Married,Ph.D. or higher,Prefer not to say,Kuwaiti,Government Sector
2022/03/25 12:04:57 AM GMT+3,4,4,4,1,1,1,1,1,3,3,4,4,4,3,3,4,2,2,Female,31-45,Married,Bachelor’s Degree,More than 1000,Kuwaiti,Government Sector
2022/03/25 12:07:17 AM GMT+3,5,5,2,2,3,2,2,1,1,4,4,4,3,2,2,2,1,1,Female,18-30,Married,Bachelor’s Degree,500 to 1000,Non Kuwaiti,Private Sector
2022/03/25 12:09:36 AM GMT+3,3,2,3,2,4,3,3,3,4,5,4,4,4,3,4,4,3,2,Female,18-30,Married,Bachelor’s Degree,More than 1000,Kuwaiti,Government Sector
2022/03/25 12:11:54 AM GMT+3,5,5,5,5,5,5,5,5,5,5,5,5,5,5,5,5,5,5,Female,18-30,Married,Bachelor’s Degree,Less than 500,Kuwaiti,Private Sector
2022/03/25 12:17:33 AM GMT+3,2,4,2,2,2,2,1,1,1,5,1,1,1,3,1,1,1,1,Female,18-30,Single,Bachelor’s Degree,More than 1000,Kuwaiti,Government Sector
2022/03/25 12:25:12 AM GMT+3,5,5,5,5,5,5,5,5,5,5,5,5,5,5,5,5,3,4,Female,18-30,Single,Bachelor’s Degree,Less than 500,Non Kuwaiti,Private Sector
2022/03/25 12:50:03 AM GMT+3,5,5,5,5,5,5,5,5,5,5,5,5,5,5,5,5,5,5,Female,18-30,Other,High school diploma or equivalent degree,Prefer not to say,Non Kuwaiti,Other
2022/03/25 12:52:30 AM GMT+3,3,3,3,3,3,3,3,3,3,3,3,3,3,3,3,3,3,3,Female,Above 45,Married,Bachelor’s Degree,More than 1000,Kuwaiti,Other
2022/03/25 12:56:34 AM GMT+3,3,3,4,4,3,4,2,4,3,3,4,3,4,4,2,4,2,3,Female,18-30,Single,Bachelor’s Degree,Prefer not to say,Non Kuwaiti,Other
2022/03/25 2:05:48 AM GMT+3,1,2,5,4,4,3,3,4,4,4,3,5,5,3,3,4,2,4,Female,18-30,Single,Bachelor’s Degree,Less than 500,Non Kuwaiti,Other
2022/03/25 2:53:17 AM GMT+3,3,4,5,2,2,2,2,3,2,3,2,3,3,3,1,3,2,2,Male,31-45,Married,Master’s Degree,More than 1000,Kuwaiti,Private Sector
2022/03/25 2:59:50 AM GMT+3,4,4,4,3,5,1,3,3,3,5,3,5,4,5,2,5,5,2,Female,18-30,Single,Master’s Degree,500 to 1000,Kuwaiti,Private Sector
2022/03/25 4:47:51 AM GMT+3,1,1,1,1,1,1,1,1,1,1,1,1,1,1,1,1,1,1,Female,Above 45,Single,Ph.D. or higher,Prefer not to say,Kuwaiti,Government Sector
2022/03/25 8:48:07 AM GMT+3,3,4,4,4,4,3,3,3,2,4,3,4,4,3,3,4,1,1,Female,18-30,Married,Bachelor’s Degree,More than 1000,Kuwaiti,Private Sector
2022/03/25 9:44:42 AM GMT+3,4,4,4,3,1,1,1,1,3,4,4,4,4,3,1,3,1,1,Female,31-45,Married,Master’s Degree,More than 1000,Kuwaiti,Government Sector
2022/03/25 9:46:20 AM GMT+3,5,5,5,3,3,3,3,3,3,3,3,3,3,3,3,3,2,3,Female,18-30,Married,Bachelor’s Degree,500 to 1000,Kuwaiti,Other
2022/03/25 10:02:31 AM GMT+3,3,3,1,1,1,1,1,1,1,1,1,1,1,2,1,1,1,1,Female,31-45,Married,Bachelor’s Degree,More than 1000,Non Kuwaiti,Other
2022/03/25 10:41:44 AM GMT+3,3,4,4,4,4,3,3,3,2,3,3,4,3,5,3,4,5,5,Female,31-45,Married,Master’s Degree,500 to 1000,Non Kuwaiti,Private Sector
2022/03/25 10:45:11 AM GMT+3,2,3,2,2,2,1,2,1,1,2,2,2,2,3,2,2,2,2,Female,31-45,Single,Master’s Degree,More than 1000,Kuwaiti,Private Sector
2022/03/25 10:51:53 AM GMT+3,3,3,3,1,2,1,1,1,1,3,2,4,4,3,3,3,1,2,Female,18-30,Married,Master’s Degree,More than 1000,Kuwaiti,Government Sector
2022/03/25 10:53:15 AM GMT+3,3,3,5,3,3,3,3,3,4,4,4,4,4,2,3,4,3,3,Female,31-45,Divorced,Bachelor’s Degree,500 to 1000,Kuwaiti,Free Business
2022/03/25 10:58:36 AM GMT+3,5,5,5,5,5,5,5,3,5,5,3,4,5,5,4,4,5,4,Male,18-30,Single,Bachelor’s Degree,More than 1000,Kuwaiti,Private Sector
2022/03/25 11:02:13 AM GMT+3,4,4,3,3,2,2,3,2,3,3,4,5,4,4,3,4,2,2,Male,31-45,Married,Master’s Degree,More than 1000,Kuwaiti,Government Sector
2022/03/25 11:09:09 AM GMT+3,3,4,5,4,4,5,4,4,4,4,4,4,4,4,5,5,4,5,Female,31-45,Married,Master’s Degree,More than 1000,Kuwaiti,Private Sector
2022/03/25 11:09:52 AM GMT+3,4,4,5,4,4,4,4,5,4,5,4,4,4,3,4,5,4,4,Female,31-45,Married,Bachelor’s Degree,More than 1000,Kuwaiti,Government Sector
2022/03/25 12:02:32 PM GMT+3,4,2,2,2,2,2,2,2,2,3,2,2,2,2,1,2,1,1,Female,31-45,Married,Bachelor’s Degree,More than 1000,Kuwaiti,Free Business
2022/03/25 12:11:51 PM GMT+3,5,5,5,5,4,4,4,4,4,5,5,5,5,4,5,5,5,5,Female,18-30,Married,Master’s Degree,Prefer not to say,Kuwaiti,Private Sector
2022/03/25 12:20:38 PM GMT+3,3,3,5,4,3,2,2,4,1,4,3,3,5,2,5,4,1,1,Female,18-30,Single,Bachelor’s Degree,Less than 500,Non Kuwaiti,Private Sector
2022/03/25 1:20:34 PM GMT+3,2,2,2,1,1,1,1,1,3,1,1,1,1,1,1,1,1,1,Male,31-45,Single,Master’s Degree,500 to 1000,Kuwaiti,Government Sector
2022/03/25 1:40:57 PM GMT+3,3,3,4,2,1,1,1,1,1,2,2,2,4,1,1,1,2,1,Female,18-30,Single,Bachelor’s Degree,More than 1000,Kuwaiti,Private Sector
2022/03/25 2:06:57 PM GMT+3,4,3,4,3,3,2,3,4,5,5,5,5,5,4,2,4,2,2,Female,18-30,Single,Master’s Degree,More than 1000,Kuwaiti,Private Sector
2022/03/25 2:47:41 PM GMT+3,3,3,3,2,1,1,2,5,2,4,2,4,3,4,1,2,1,1,Male,18-30,Single,Bachelor’s Degree,More than 1000,Kuwaiti,Private Sector
2022/03/25 5:25:58 PM GMT+3,3,4,4,2,1,2,1,1,3,3,3,3,4,3,2,3,1,1,Male,18-30,Single,Bachelor’s Degree,More than 1000,Kuwaiti,Government Sector
2022/03/25 6:05:53 PM GMT+3,3,3,3,2,3,3,3,3,3,3,3,3,3,3,3,2,1,1,Female,18-30,Married,Bachelor’s Degree,Less than 500,Kuwaiti,Private Sector
2022/03/26 4:40:10 AM GMT+3,4,4,5,5,5,4,4,2,1,3,2,5,2,2,1,2,1,1,Male,18-30,Divorced,Bachelor’s Degree,500 to 1000,Non Kuwaiti,Private Sector
2022/03/26 9:07:34 AM GMT+3,5,5,5,5,5,5,5,5,5,5,5,5,5,5,5,5,5,5,Female,18-30,Single,Bachelor’s Degree,Less than 500,Kuwaiti,Government Sector
2022/03/26 9:09:56 AM GMT+3,5,5,5,4,3,4,2,5,5,4,4,5,5,4,5,3,3,3,Female,18-30,Single,High school diploma or equivalent degree,500 to 1000,Kuwaiti,Other
2022/03/26 9:16:57 AM GMT+3,5,5,5,5,5,5,5,5,5,5,5,5,5,5,5,5,5,5,Female,18-30,Single,Bachelor’s Degree,500 to 1000,Kuwaiti,Government Sector
2022/03/26 9:38:21 AM GMT+3,1,1,1,1,1,2,1,1,1,1,1,1,1,1,1,1,1,1,Female,18-30,Married,Bachelor’s Degree,500 to 1000,Kuwaiti,Government Sector
2022/03/26 9:48:11 AM GMT+3,5,5,5,5,5,5,5,5,5,5,5,5,5,5,5,5,5,5,Female,18-30,Single,Bachelor’s Degree,Less than 500,Kuwaiti,Government Sector
2022/03/26 10:47:55 AM GMT+3,3,4,2,2,3,2,3,3,2,2,2,2,1,2,1,2,1,2,Female,18-30,Single,High school diploma or equivalent degree,More than 1000,Kuwaiti,Free Business
2022/03/26 10:52:41 AM GMT+3,3,2,1,2,3,1,2,2,2,3,2,1,3,2,2,1,1,2,Female,18-30,Single,High school diploma or equivalent degree,Prefer not to say,Kuwaiti,Other
2022/03/26 11:23:01 AM GMT+3,3,2,4,4,3,3,3,4,3,4,3,3,3,3,4,4,4,3,Female,Below 18,Single,Bachelor’s Degree,Prefer not to say,Kuwaiti,Other
2022/03/26 11:25:49 AM GMT+3,2,3,3,3,3,2,2,3,3,3,3,3,2,3,2,3,3,4,Female,18-30,Single,Bachelor’s Degree,Less than 500,Kuwaiti,Government Sector
2022/03/26 1:06:08 PM GMT+3,3,4,3,4,2,3,4,2,4,2,5,4,5,3,5,1,5,3,Female,18-30,Single,High school diploma or equivalent degree,Prefer not to say,Kuwaiti,Other
2022/03/26 2:38:44 PM GMT+3,5,5,4,3,4,4,3,3,4,5,4,3,2,4,4,3,5,4,Female,18-30,Single,Bachelor’s Degree,Prefer not to say,Kuwaiti,Other
2022/03/26 3:45:52 PM GMT+3,5,3,1,4,2,3,2,2,3,2,4,3,3,2,2,1,2,1,Female,18-30,Single,No formal studies,Less than 500,Kuwaiti,Other
2022/03/26 6:15:17 PM GMT+3,3,5,5,4,3,4,3,5,4,5,5,5,5,2,5,5,4,2,Female,18-30,Single,Bachelor’s Degree,500 to 1000,Kuwaiti,Government Sector
2022/03/27 9:56:35 AM GMT+3,5,4,4,4,4,4,4,3,3,5,4,5,5,5,2,3,1,2,Male,18-30,Single,High school diploma or equivalent degree,Prefer not to say,Kuwaiti,Private Sector
2022/03/27 10:28:38 AM GMT+3,4,4,5,5,5,4,3,1,2,5,4,3,4,3,2,3,3,2,Male,18-30,Single,Bachelor’s Degree,500 to 1000,Kuwaiti,Government Sector
2022/03/27 11:19:23 AM GMT+3,3,3,4,4,5,5,5,4,4,4,4,4,4,4,4,4,3,4,Male,18-30,Single,No formal studies,More than 1000,Kuwaiti,Other
2022/03/27 8:32:49 PM GMT+3,4,4,4,4,4,4,4,4,4,4,4,4,4,4,4,4,4,4,Male,18-30,Married,Bachelor’s Degree,More than 1000,Kuwaiti,Private Sector
2022/03/27 8:33:57 PM GMT+3,4,5,5,5,4,5,5,4,4,4,5,5,5,4,5,5,4,5,Male,18-30,Single,Bachelor’s Degree,More than 1000,Kuwaiti,Private Sector
2022/03/27 8:34:33 PM GMT+3,3,4,4,4,3,3,3,3,3,3,3,4,3,2,3,3,3,3,Female,18-30,Married,Bachelor’s Degree,More than 1000,Kuwaiti,Private Sector
2022/03/27 8:42:53 PM GMT+3,4,3,4,4,5,3,3,5,3,5,5,5,5,3,4,5,4,2,Male,18-30,Single,Master’s Degree,Less than 500,Non Kuwaiti,Other
2022/03/27 8:53:06 PM GMT+3,3,4,4,3,3,3,4,5,4,4,4,3,3,2,4,4,2,3,Male,18-30,Single,Bachelor’s Degree,More than 1000,Kuwaiti,Private Sector
2022/03/27 9:06:59 PM GMT+3,3,3,4,2,2,1,3,2,2,3,3,3,4,3,2,3,2,2,Male,18-30,Married,Bachelor’s Degree,More than 1000,Kuwaiti,Free Business
2022/03/27 9:29:24 PM GMT+3,5,5,4,4,4,4,4,4,4,4,4,4,5,5,4,4,4,3,Male,18-30,Married,Bachelor’s Degree,More than 1000,Kuwaiti,Private Sector
2022/03/27 10:49:49 PM GMT+3,3,3,4,3,4,3,4,4,3,4,3,4,4,3,3,3,2,2,Male,18-30,Single,Bachelor’s Degree,Less than 500,Kuwaiti,Other
2022/03/27 10:53:53 PM GMT+3,3,4,5,1,1,2,4,2,3,4,3,5,5,4,4,3,2,3,Male,18-30,Single,High school diploma or equivalent degree,Prefer not to say,Non Kuwaiti,Other
2022/03/27 10:56:42 PM GMT+3,5,5,5,5,5,5,5,5,5,5,5,5,5,5,5,5,1,5,Male,18-30,Single,High school diploma or equivalent degree,Prefer not to say,Kuwaiti,Government Sector
2022/03/27 11:02:03 PM GMT+3,3,4,3,3,4,3,2,4,3,5,4,5,4,4,4,4,2,4,Male,18-30,Single,Bachelor’s Degree,Prefer not to say,Kuwaiti,Other
2022/03/27 11:03:38 PM GMT+3,3,3,3,3,3,3,3,3,3,3,3,3,3,3,3,3,3,3,Male,18-30,Single,High school diploma or equivalent degree,Prefer not to say,Kuwaiti,Other
2022/03/27 11:04:27 PM GMT+3,3,2,3,3,2,1,1,1,1,2,3,3,3,2,3,3,1,2,Male,18-30,Single,Bachelor’s Degree,Prefer not to say,Kuwaiti,Government Sector
2022/03/28 12:54:08 AM GMT+3,5,5,5,5,5,5,5,5,5,5,5,5,5,5,3,5,3,5,Male,18-30,Single,Bachelor’s Degree,More than 1000,Kuwaiti,Free Business
2022/03/28 12:13:25 PM GMT+3,5,5,5,5,5,5,5,5,5,5,5,5,5,5,5,5,5,5,Male,18-30,Single,Bachelor’s Degree,More than 1000,Kuwaiti,Government Sector
2022/03/28 1:13:01 PM GMT+3,4,5,4,5,3,3,5,2,3,3,3,3,3,5,3,3,3,3,Male,31-45,Single,Bachelor’s Degree,Less than 500,Non Kuwaiti,Private Sector
2022/03/29 4:48:01 PM GMT+3,3,3,2,2,1,2,1,1,1,2,2,2,2,1,1,2,1,1,Female,18-30,Single,Bachelor’s Degree,More than 1000,Kuwaiti,Government Sector
2022/03/29 5:04:26 PM GMT+3,3,3,5,5,4,4,4,4,4,5,5,5,5,3,4,5,3,4,Female,18-30,Single,High school diploma or equivalent degree,Less than 500,Non Kuwaiti,Other
2022/03/29 5:10:03 PM GMT+3,5,5,5,5,5,5,5,5,4,3,3,2,3,4,3,4,4,3,Male,18-30,Other,Bachelor’s Degree,Less than 500,Kuwaiti,Private Sector
2022/03/29 5:35:45 PM GMT+3,5,5,5,5,5,5,5,5,5,5,5,5,5,5,5,5,5,5,Male,18-30,Single,Bachelor’s Degree,Less than 500,Non Kuwaiti,Private Sector
2022/03/29 7:17:10 PM GMT+3,5,5,5,4,3,4,4,4,3,3,4,3,4,3,4,3,3,3,Male,18-30,Divorced,Master’s Degree,More than 1000,Kuwaiti,Private Sector
2022/03/29 7:21:31 PM GMT+3,4,2,3,1,1,3,4,5,3,2,1,3,3,4,5,5,4,2,Male,18-30,Other,Bachelor’s Degree,More than 1000,Kuwaiti,Other
2022/03/29 7:34:11 PM GMT+3,3,4,2,3,3,2,4,3,2,4,4,4,3,4,3,3,4,3,Male,18-30,Married,Bachelor’s Degree,More than 1000,Kuwaiti,Private Sector
2022/03/29 8:36:41 PM GMT+3,3,2,4,3,4,4,3,3,4,3,3,3,4,4,5,4,4,4,Male,18-30,Single,Master’s Degree,Less than 500,Kuwaiti,Free Business
2022/03/29 9:09:02 PM GMT+3,4,4,5,5,5,5,5,5,4,5,5,5,5,4,5,5,3,5,Male,18-30,Single,High school diploma or equivalent degree,Prefer not to say,Kuwaiti,Private Sector
2022/03/29 9:49:33 PM GMT+3,4,5,5,4,3,3,3,5,4,5,4,5,5,4,4,3,4,5,Male,18-30,Single,Bachelor’s Degree,Less than 500,Kuwaiti,Private Sector
2022/03/30 4:47:14 PM GMT+3,4,3,3,3,3,3,4,3,4,4,3,3,3,4,4,4,3,3,Male,18-30,Single,No formal studies,500 to 1000,Kuwaiti,Government Sector
2022/03/30 5:15:41 PM GMT+3,4,3,3,3,5,3,3,4,3,4,3,5,3,2,3,4,3,4,Male,Below 18,Single,High school diploma or equivalent degree,500 to 1000,Kuwaiti,Private Sector
2022/03/30 5:16:18 PM GMT+3,5,4,4,5,3,4,1,4,4,3,4,3,3,3,4,3,3,3,Male,31-45,Married,Bachelor’s Degree,500 to 1000,Kuwaiti,Private Sector
2022/03/30 5:16:51 PM GMT+3,4,5,4,4,4,3,4,3,5,5,4,4,4,5,5,5,4,5,Male,Below 18,Single,No formal studies,Less than 500,Kuwaiti,Government Sector
2022/03/30 5:17:35 PM GMT+3,4,3,5,4,3,3,5,4,4,4,4,4,4,4,5,4,4,4,Male,18-30,Single,High school diploma or equivalent degree,Less than 500,Kuwaiti,Other
2022/03/30 5:18:05 PM GMT+3,4,5,4,4,4,4,4,4,3,4,4,4,4,4,4,5,4,4,Male,18-30,Married,No formal studies,More than 1000,Kuwaiti,Government Sector
2022/03/30 5:18:34 PM GMT+3,4,4,3,3,3,3,4,3,4,3,5,2,2,2,2,3,3,3,Male,18-30,Single,No formal studies,More than 1000,Kuwaiti,Government Sector
2022/03/30 5:19:14 PM GMT+3,4,5,3,4,4,3,3,4,3,4,4,4,3,4,5,4,4,4,Male,31-45,Single,No formal studies,500 to 1000,Kuwaiti,Government Sector
2022/03/30 5:19:49 PM GMT+3,4,4,3,3,4,3,4,5,3,4,3,4,3,4,4,4,4,3,Male,18-30,Single,Bachelor’s Degree,More than 1000,Kuwaiti,Free Business
2022/03/30 5:20:16 PM GMT+3,3,4,3,2,5,3,3,3,3,4,4,5,4,4,4,4,4,3,Male,Below 18,Married,High school diploma or equivalent degree,More than 1000,Kuwaiti,Government Sector
2022/03/30 5:20:52 PM GMT+3,3,3,5,2,2,3,3,2,3,3,5,4,3,3,4,3,4,3,Male,31-45,Other,Ph.D. or higher,500 to 1000,Kuwaiti,Government Sector
2022/03/30 5:21:18 PM GMT+3,4,2,4,4,3,4,3,4,2,3,4,4,4,4,3,4,3,4,Male,31-45,Married,Bachelor’s Degree,More than 1000,Kuwaiti,Government Sector
2022/03/30 5:22:14 PM GMT+3,4,3,4,3,3,3,3,4,4,3,4,4,5,4,4,3,3,4,Male,31-45,Single,No formal studies,More than 1000,Kuwaiti,Government Sector
2022/03/30 5:22:49 PM GMT+3,4,4,3,4,4,3,3,4,4,5,3,3,4,3,3,2,4,5,Male,18-30,Single,Bachelor’s Degree,More than 1000,Kuwaiti,Private Sector
2022/03/30 5:23:28 PM GMT+3,4,3,4,3,4,4,5,3,4,4,3,4,3,3,3,3,4,3,Male,31-45,Single,Master’s Degree,500 to 1000,Kuwaiti,Government Sector
2022/03/30 5:24:08 PM GMT+3,5,3,4,4,4,4,4,4,4,3,3,4,4,3,3,4,3,5,Male,18-30,Single,High school diploma or equivalent degree,More than 1000,Kuwaiti,Private Sector
2022/03/30 5:24:50 PM GMT+3,2,5,2,1,1,2,2,2,2,5,3,2,4,3,3,4,2,3,Male,18-30,Single,Bachelor’s Degree,500 to 1000,Kuwaiti,Private Sector
2022/03/30 5:25:21 PM GMT+3,4,4,4,3,4,4,3,4,3,4,4,3,4,4,3,3,4,3,Male,31-45,Single,Bachelor’s Degree,500 to 1000,Kuwaiti,Government Sector
2022/03/30 5:56:47 PM GMT+3,3,2,3,3,4,3,5,5,3,3,3,4,4,3,4,4,2,3,Female,18-30,Single,Bachelor’s Degree,500 to 1000,Non Kuwaiti,Private Sector
2022/03/30 5:57:02 PM GMT+3,4,2,2,4,3,4,3,4,2,1,2,2,3,4,4,3,3,3,Male,Below 18,Married,No formal studies,Less than 500,Kuwaiti,Government Sector
2022/03/30 5:57:35 PM GMT+3,3,3,3,3,3,2,4,3,3,3,5,4,4,3,3,3,3,2,Female,18-30,Widowed,Master’s Degree,Prefer not to say,Kuwaiti,Government Sector
2022/03/30 5:58:10 PM GMT+3,2,2,2,2,2,1,1,1,1,2,2,2,2,2,1,2,1,1,Female,Below 18,Single,High school diploma or equivalent degree,Less than 500,Kuwaiti,Other
2022/03/30 6:00:57 PM GMT+3,3,2,2,4,4,3,3,3,3,2,4,3,3,3,3,4,4,3,Male,Below 18,Single,Bachelor’s Degree,More than 1000,Kuwaiti,Government Sector
2022/03/30 6:07:25 PM GMT+3,4,4,4,3,3,3,3,3,3,3,4,5,4,4,2,3,2,3,Male,18-30,Married,Bachelor’s Degree,More than 1000,Kuwaiti,Free Business
2022/03/30 6:20:40 PM GMT+3,4,3,3,3,4,4,3,3,3,2,3,4,3,4,3,4,3,3,Female,31-45,Single,Bachelor’s Degree,500 to 1000,Kuwaiti,Free Business
2022/03/30 6:23:36 PM GMT+3,4,4,5,4,3,2,4,4,4,5,5,5,5,2,4,4,4,4,Male,18-30,Single,High school diploma or equivalent degree,500 to 1000,Kuwaiti,Government Sector
2022/03/30 6:34:45 PM GMT+3,3,3,3,3,3,4,3,4,3,3,3,3,3,3,3,3,3,3,Female,31-45,Married,High school diploma or equivalent degree,More than 1000,Kuwaiti,Private Sector
2022/03/31 12:16:54 PM GMT+3,4,2,3,1,1,1,1,3,1,3,1,3,3,3,2,2,1,1,Female,18-30,Single,Bachelor’s Degree,More than 1000,Kuwaiti,Government Sector
2022/03/31 12:31:32 PM GMT+3,3,3,4,3,3,3,3,4,3,4,3,3,4,3,3,3,3,3,Female,18-30,Single,Bachelor’s Degree,500 to 1000,Kuwaiti,Government Sector
2022/03/31 12:48:11 PM GMT+3,4,4,4,1,1,4,4,1,3,5,4,5,5,3,4,4,1,2,Female,18-30,Single,Bachelor’s Degree,Less than 500,Kuwaiti,Other
2022/03/31 12:50:47 PM GMT+3,4,3,4,4,3,1,2,2,3,3,2,4,4,2,3,3,2,2,Female,18-30,Single,Bachelor’s Degree,More than 1000,Kuwaiti,Private Sector
2022/03/31 1:30:01 PM GMT+3,3,3,4,3,3,1,1,1,2,3,4,4,4,4,4,3,1,1,Female,31-45,Single,Bachelor’s Degree,More than 1000,Kuwaiti,Government Sector
2022/03/31 1:30:33 PM GMT+3,4,3,4,2,2,2,4,3,2,5,2,4,4,3,2,4,1,1,Female,18-30,Single,Bachelor’s Degree,Less than 500,Kuwaiti,Government Sector
2022/03/31 3:49:06 PM GMT+3,3,3,2,2,2,1,2,1,1,4,2,4,3,3,2,3,1,1,Female,18-30,Single,Bachelor’s Degree,Less than 500,Kuwaiti,Other
2022/03/31 3:54:12 PM GMT+3,4,4,5,4,1,1,1,1,1,1,1,3,3,1,1,1,1,1,Female,18-30,Single,High school diploma or equivalent degree,Less than 500,Kuwaiti,Other
2022/03/31 7:00:07 PM GMT+3,3,3,3,3,3,1,1,1,1,2,2,3,2,1,1,1,1,1,Female,18-30,Single,Bachelor’s Degree,Less than 500,Kuwaiti,Other
2022/04/01 10:44:19 AM GMT+3,5,5,5,5,5,5,5,5,5,5,5,5,5,5,5,5,5,5,Female,18-30,Single,Master’s Degree,More than 1000,Kuwaiti,Free Business
2022/04/01 10:49:10 AM GMT+3,4,4,4,3,2,2,2,2,3,4,4,4,4,3,2,4,2,3,Female,18-30,Married,Master’s Degree,More than 1000,Kuwaiti,Private Sector
2022/04/01 10:53:39 AM GMT+3,5,5,4,4,5,4,4,4,4,4,5,5,5,4,5,5,4,5,Female,18-30,Single,Master’s Degree,Prefer not to say,Kuwaiti,Private Sector
2022/04/01 11:10:33 AM GMT+3,5,4,3,3,3,2,2,2,2,3,1,3,3,2,1,2,1,1,Female,18-30,Single,Bachelor’s Degree,Prefer not to say,Kuwaiti,Government Sector
2022/04/01 11:11:11 AM GMT+3,3,3,3,2,2,2,2,2,2,3,2,2,3,2,2,3,1,1,Female,31-45,Divorced,Bachelor’s Degree,More than 1000,Kuwaiti,Private Sector
2022/04/01 12:29:13 PM GMT+3,3,3,4,3,1,1,3,1,1,1,1,3,3,3,3,3,1,1,Female,31-45,Single,Bachelor’s Degree,Prefer not to say,Kuwaiti,Private Sector
2022/04/01 12:39:04 PM GMT+3,4,4,4,3,3,1,1,1,3,4,4,3,3,3,2,3,1,2,Female,18-30,Married,Bachelor’s Degree,500 to 1000,Kuwaiti,Other
2022/04/01 1:45:10 PM GMT+3,4,4,5,3,2,2,2,2,2,4,3,4,4,4,3,4,4,3,Female,18-30,Single,Master’s Degree,500 to 1000,Kuwaiti,Private Sector
2022/04/01 4:36:48 PM GMT+3,3,3,4,3,3,3,3,4,3,3,4,4,4,2,2,3,2,3,Male,18-30,Single,Bachelor’s Degree,More than 1000,Kuwaiti,Private Sector
2022/04/01 4:39:23 PM GMT+3,3,3,4,2,2,2,3,2,1,2,3,3,3,3,2,2,1,2,Male,18-30,Single,Master’s Degree,More than 1000,Kuwaiti,Private Sector
2022/04/01 4:39:50 PM GMT+3,4,3,2,2,3,2,2,2,1,3,3,3,3,2,3,2,1,3,Male,18-30,Married,Master’s Degree,More than 1000,Kuwaiti,Free Business
2022/04/01 4:39:59 PM GMT+3,3,3,3,3,2,4,3,2,3,2,2,3,3,2,2,2,2,2,Male,18-30,Single,Bachelor’s Degree,More than 1000,Kuwaiti,Private Sector
2022/04/01 4:41:15 PM GMT+3,3,3,3,3,3,3,3,3,3,3,3,3,4,3,2,3,2,2,Female,18-30,Married,Bachelor’s Degree,500 to 1000,Kuwaiti,Government Sector
2022/04/01 4:59:31 PM GMT+3,3,4,5,3,4,1,3,4,1,3,2,3,3,4,2,2,2,3,Male,18-30,Single,No formal studies,Less than 500,Kuwaiti,Other
2022/04/01 5:23:33 PM GMT+3,4,4,5,3,3,4,4,5,5,5,4,5,4,4,4,4,2,3,Male,18-30,Single,Bachelor’s Degree,Less than 500,Kuwaiti,Other
2022/04/01 5:25:46 PM GMT+3,1,3,3,4,3,4,2,2,4,3,4,3,3,3,3,1,5,1,Male,18-30,Single,Bachelor’s Degree,More than 1000,Kuwaiti,Government Sector
2022/04/01 6:37:20 PM GMT+3,3,2,1,1,1,1,1,2,1,1,1,3,1,1,1,1,1,1,Female,18-30,Married,Ph.D. or higher,More than 1000,Kuwaiti,Private Sector
2022/04/01 6:40:36 PM GMT+3,1,1,1,1,1,1,1,1,1,1,1,1,1,1,1,1,1,1,Female,18-30,Married,Master’s Degree,More than 1000,Kuwaiti,Government Sector
2022/04/01 7:03:33 PM GMT+3,3,3,4,1,1,1,2,2,2,3,2,3,3,3,2,3,1,1,Female,18-30,Single,Bachelor’s Degree,500 to 1000,Kuwaiti,Private Sector
2022/04/01 8:01:40 PM GMT+3,4,4,3,3,3,2,2,3,2,2,3,3,3,2,3,3,1,2,Female,18-30,Single,Bachelor’s Degree,Less than 500,Kuwaiti,Free Business
2022/04/01 8:02:30 PM GMT+3,3,3,5,2,2,2,3,2,3,4,3,4,3,2,2,4,4,3,Female,18-30,Single,Bachelor’s Degree,Less than 500,Kuwaiti,Other
2022/04/01 8:04:27 PM GMT+3,4,4,5,3,3,2,2,1,2,3,3,3,3,3,3,2,1,1,Female,18-30,Single,Master’s Degree,500 to 1000,Kuwaiti,Private Sector
2022/04/01 8:10:31 PM GMT+3,3,3,5,5,1,1,1,1,1,3,1,3,4,1,1,3,1,1,Female,18-30,Single,Bachelor’s Degree,Less than 500,Kuwaiti,Other
2022/04/01 8:14:20 PM GMT+3,3,3,4,2,2,2,2,3,2,3,2,3,3,3,1,2,1,2,Female,18-30,Single,Bachelor’s Degree,Less than 500,Kuwaiti,Private Sector
2022/04/01 8:45:25 PM GMT+3,3,4,4,2,2,3,3,2,3,5,4,4,4,3,2,5,2,2,Male,18-30,Single,High school diploma or equivalent degree,500 to 1000,Kuwaiti,Other
2022/04/01 8:54:27 PM GMT+3,3,3,3,3,4,1,1,1,1,5,1,5,2,1,2,1,1,2,Female,18-30,Single,Bachelor’s Degree,More than 1000,Kuwaiti,Private Sector
2022/04/01 9:04:40 PM GMT+3,4,5,5,3,3,2,2,1,1,4,4,4,5,4,4,3,1,2,Female,18-30,Single,Bachelor’s Degree,More than 1000,Kuwaiti,Private Sector
2022/04/01 9:05:44 PM GMT+3,3,3,4,3,3,4,2,3,1,2,2,3,2,2,2,2,1,2,Female,18-30,Single,Bachelor’s Degree,500 to 1000,Non Kuwaiti,Private Sector
2022/04/01 9:06:41 PM GMT+3,1,2,3,1,2,1,1,4,1,1,1,3,1,1,1,1,1,1,Female,18-30,Married,Bachelor’s Degree,Less than 500,Kuwaiti,Private Sector
2022/04/01 9:10:52 PM GMT+3,4,3,5,5,4,3,3,2,3,4,4,5,4,5,3,4,2,3,Female,18-30,Single,Bachelor’s Degree,More than 1000,Kuwaiti,Government Sector
2022/04/01 9:19:21 PM GMT+3,3,3,2,1,1,1,1,1,1,3,3,3,1,3,1,3,1,1,Female,18-30,Single,Master’s Degree,More than 1000,Kuwaiti,Private Sector
2022/04/01 9:24:55 PM GMT+3,3,3,3,2,4,2,3,1,1,3,3,4,4,1,1,2,1,1,Female,18-30,Single,Bachelor’s Degree,Prefer not to say,Non Kuwaiti,Other
2022/04/01 9:37:19 PM GMT+3,2,2,2,1,1,1,3,1,1,3,3,3,3,4,1,2,1,1,Female,18-30,Single,Bachelor’s Degree,Prefer not to say,Non Kuwaiti,Other
2022/04/01 9:54:37 PM GMT+3,4,3,4,4,5,3,3,2,4,5,2,4,4,3,3,3,1,3,Female,18-30,Single,Bachelor’s Degree,More than 1000,Kuwaiti,Private Sector
2022/04/01 10:01:15 PM GMT+3,3,3,3,2,1,1,1,1,1,1,1,1,1,1,1,1,1,1,Female,18-30,Married,Bachelor’s Degree,More than 1000,Kuwaiti,Government Sector
2022/04/01 10:17:35 PM GMT+3,3,3,4,4,5,4,3,2,1,3,3,4,4,5,1,4,1,1,Female,18-30,Single,Bachelor’s Degree,500 to 1000,Kuwaiti,Other
2022/04/01 10:41:02 PM GMT+3,3,3,4,1,1,1,3,1,1,3,1,3,3,1,1,1,1,1,Male,31-45,Married,Ph.D. or higher,More than 1000,Kuwaiti,Government Sector
2022/04/01 11:00:59 PM GMT+3,1,1,3,1,1,1,1,1,1,1,1,3,3,1,1,1,1,1,Female,18-30,Single,Bachelor’s Degree,Less than 500,Kuwaiti,Other
2022/04/01 11:01:06 PM GMT+3,4,3,4,1,1,1,1,2,2,3,1,3,3,3,3,3,1,2,Female,Above 45,Married,Bachelor’s Degree,More than 1000,Kuwaiti,Other
2022/04/01 11:03:32 PM GMT+3,3,3,3,2,1,1,1,1,2,3,2,3,3,3,2,3,2,2,Female,18-30,Single,Bachelor’s Degree,Prefer not to say,Kuwaiti,Government Sector
2022/04/01 11:17:03 PM GMT+3,3,3,4,3,3,3,3,4,2,3,3,4,4,3,1,2,1,1,Female,18-30,Single,Bachelor’s Degree,500 to 1000,Kuwaiti,Private Sector
2022/04/02 12:13:05 AM GMT+3,3,3,4,3,4,2,2,1,2,3,2,3,2,2,2,3,2,2,Female,18-30,Single,Bachelor’s Degree,Prefer not to say,Kuwaiti,Other
2022/04/02 1:15:48 AM GMT+3,1,1,1,1,1,1,1,3,1,1,1,3,1,2,1,1,1,1,Female,31-45,Single,Master’s Degree,More than 1000,Kuwaiti,Free Business
2022/04/02 4:01:36 AM GMT+3,2,2,2,2,2,2,2,2,2,3,3,3,3,2,1,3,1,2,Female,18-30,Single,Bachelor’s Degree,500 to 1000,Kuwaiti,Government Sector
2022/04/02 4:02:29 AM GMT+3,4,4,4,2,2,2,2,1,2,4,4,4,4,3,3,4,2,3,Male,18-30,Single,Bachelor’s Degree,More than 1000,Kuwaiti,Private Sector
2022/04/02 4:03:15 AM GMT+3,4,3,3,3,3,3,3,3,4,3,4,4,4,2,3,2,2,2,Male,18-30,Married,Master’s Degree,More than 1000,Kuwaiti,Private Sector
2022/04/02 4:03:59 AM GMT+3,1,1,1,1,1,1,1,1,1,1,2,2,2,2,2,2,2,1,Male,18-30,Single,High school diploma or equivalent degree,Less than 500,Non Kuwaiti,Private Sector
2022/04/02 9:32:02 AM GMT+3,2,2,3,3,2,1,1,2,1,3,2,4,3,2,1,2,1,1,Female,18-30,Married,Master’s Degree,500 to 1000,Non Kuwaiti,Private Sector
2022/04/02 10:40:02 AM GMT+3,4,4,3,2,2,2,2,3,2,3,3,3,3,3,2,3,2,2,Female,18-30,Married,Bachelor’s Degree,More than 1000,Kuwaiti,Government Sector
2022/04/02 3:24:38 PM GMT+3,5,5,5,4,4,4,4,4,5,5,5,5,5,4,4,5,5,5,Male,18-30,Single,Bachelor’s Degree,More than 1000,Kuwaiti,Private Sector
2022/04/02 3:25:18 PM GMT+3,5,4,4,4,5,5,4,4,4,4,4,5,5,4,3,3,3,4,Female,31-45,Married,Bachelor’s Degree,More than 1000,Kuwaiti,Government Sector
2022/04/02 3:25:34 PM GMT+3,2,2,2,2,3,1,2,1,1,3,3,3,3,2,2,2,1,1,Female,31-45,Married,Bachelor’s Degree,500 to 1000,Kuwaiti,Government Sector
2022/04/02 3:27:21 PM GMT+3,2,2,3,2,2,2,2,2,2,2,2,3,3,3,2,2,1,2,Male,Below 18,Single,No formal studies,Less than 500,Kuwaiti,Government Sector
2022/04/02 3:27:42 PM GMT+3,2,2,2,2,2,2,2,2,2,2,2,2,2,2,2,2,2,2,Male,Below 18,Single,No formal studies,Less than 500,Kuwaiti,Other
2022/04/02 6:36:15 PM GMT+3,3,4,4,4,1,1,2,1,2,4,4,4,4,3,3,4,2,1,Female,18-30,Single,Master’s Degree,More than 1000,Kuwaiti,Government Sector
2022/04/02 8:20:19 PM GMT+3,4,4,3,3,4,3,3,3,4,5,5,5,5,3,4,3,2,5,Female,18-30,Single,Bachelor’s Degree,Less than 500,Kuwaiti,Other
2022/04/02 8:26:05 PM GMT+3,3,3,4,2,4,3,3,3,2,3,3,4,4,4,3,4,3,5,Female,18-30,Single,Bachelor’s Degree,Less than 500,Kuwaiti,Government Sector
2022/04/02 8:27:14 PM GMT+3,5,5,4,4,3,3,3,3,4,5,4,5,5,5,5,5,5,4,Female,18-30,Single,Bachelor’s Degree,More than 1000,Kuwaiti,Other
2022/04/02 8:29:38 PM GMT+3,4,4,4,3,3,3,3,3,3,4,4,4,4,3,4,4,3,3,Male,18-30,Single,Bachelor’s Degree,500 to 1000,Kuwaiti,Private Sector
2022/04/02 8:30:07 PM GMT+3,2,2,2,3,3,1,3,2,3,2,3,2,3,2,3,2,2,3,Female,Below 18,Single,High school diploma or equivalent degree,Less than 500,Kuwaiti,Government Sector
2022/04/02 8:30:14 PM GMT+3,2,2,2,2,2,3,3,3,4,3,3,3,4,4,3,3,3,3,Female,Above 45,Married,Bachelor’s Degree,Prefer not to say,Kuwaiti,Government Sector
2022/04/02 8:30:51 PM GMT+3,4,4,4,4,4,4,4,4,4,4,4,5,5,5,4,4,4,4,Male,Below 18,Single,High school diploma or equivalent degree,Less than 500,Kuwaiti,Other
2022/04/02 8:31:22 PM GMT+3,5,4,4,4,5,4,4,4,4,5,5,5,5,5,5,5,4,5,Female,18-30,Married,Bachelor’s Degree,More than 1000,Kuwaiti,Other
2022/04/02 8:31:28 PM GMT+3,3,4,4,4,3,3,3,4,3,3,3,3,4,3,3,4,4,4,Female,18-30,Single,Bachelor’s Degree,Less than 500,Kuwaiti,Other
2022/04/02 8:35:53 PM GMT+3,5,5,5,5,5,5,5,5,5,5,5,5,5,5,5,5,5,5,Male,18-30,Single,High school diploma or equivalent degree,Prefer not to say,Kuwaiti,Free Business
2022/04/02 8:37:18 PM GMT+3,5,5,5,5,5,5,5,5,5,5,5,5,5,5,5,5,5,5,Male,Above 45,Married,Ph.D. or higher,More than 1000,Non Kuwaiti,Free Business
2022/04/02 8:40:13 PM GMT+3,5,3,4,3,3,4,4,3,3,3,4,3,4,5,3,4,3,2,Female,18-30,Single,Bachelor’s Degree,Less than 500,Kuwaiti,Government Sector
2022/04/02 8:40:49 PM GMT+3,5,5,5,5,5,3,5,5,5,5,5,5,5,5,5,5,5,5,Female,18-30,Single,Bachelor’s Degree,Less than 500,Kuwaiti,Private Sector
2022/04/02 9:14:47 PM GMT+3,5,4,5,5,4,5,5,4,5,5,5,4,4,5,5,4,4,4,Male,18-30,Single,Master’s Degree,More than 1000,Kuwaiti,Private Sector
2022/04/02 9:36:46 PM GMT+3,3,4,4,4,4,3,3,3,4,5,2,4,4,2,2,3,1,1,Male,18-30,Single,Bachelor’s Degree,More than 1000,Kuwaiti,Government Sector
2022/04/02 9:36:57 PM GMT+3,4,4,3,2,2,2,4,2,3,4,2,3,3,3,2,4,1,2,Male,18-30,Married,Bachelor’s Degree,More than 1000,Kuwaiti,Government Sector
2022/04/02 9:42:38 PM GMT+3,2,2,3,3,2,2,3,1,3,2,2,3,2,2,2,2,1,2,Male,31-45,Single,High school diploma or equivalent degree,More than 1000,Kuwaiti,Government Sector
2022/04/02 9:51:23 PM GMT+3,3,3,3,4,2,4,4,4,3,3,3,3,3,4,3,3,4,4,Male,31-45,Single,Bachelor’s Degree,More than 1000,Kuwaiti,Other
2022/04/02 10:10:16 PM GMT+3,3,3,3,4,3,3,4,3,2,4,3,3,4,3,4,4,2,2,Male,31-45,Married,High school diploma or equivalent degree,More than 1000,Kuwaiti,Government Sector
2022/04/02 10:29:19 PM GMT+3,3,4,4,2,4,2,2,3,1,3,3,4,5,1,3,3,1,1,Male,31-45,Married,Bachelor’s Degree,Prefer not to say,Kuwaiti,Other
2022/04/02 10:33:13 PM GMT+3,4,3,5,3,4,3,4,5,3,4,3,5,4,3,4,2,4,3,Male,31-45,Married,Master’s Degree,More than 1000,Kuwaiti,Other
2022/04/02 10:53:00 PM GMT+3,3,3,3,3,3,2,3,2,2,3,3,3,3,3,3,3,1,3,Male,31-45,Married,Ph.D. or higher,More than 1000,Kuwaiti,Government Sector
2022/04/02 10:53:47 PM GMT+3,5,5,5,3,3,1,1,3,1,2,3,4,4,5,3,4,2,2,Female,18-30,Single,Bachelor’s Degree,500 to 1000,Kuwaiti,Government Sector
2022/04/02 11:01:16 PM GMT+3,3,4,5,3,4,2,4,1,4,4,4,4,4,4,4,5,2,3,Female,18-30,Single,Bachelor’s Degree,500 to 1000,Kuwaiti,Government Sector
2022/04/02 11:02:41 PM GMT+3,2,2,1,1,1,1,1,1,1,1,1,2,1,1,1,1,1,1,Female,18-30,Single,Bachelor’s Degree,Prefer not to say,Kuwaiti,Other
2022/04/02 11:03:21 PM GMT+3,3,4,3,2,1,1,2,1,1,3,2,3,3,2,1,1,1,1,Female,18-30,Single,Bachelor’s Degree,Less than 500,Kuwaiti,Other
2022/04/02 11:06:31 PM GMT+3,4,5,5,3,2,1,3,4,3,4,3,4,4,3,4,4,2,3,Female,18-30,Single,Bachelor’s Degree,Less than 500,Non Kuwaiti,Other
2022/04/02 11:06:41 PM GMT+3,2,3,3,2,1,2,2,2,1,3,2,3,2,4,2,3,1,1,Female,18-30,Single,Bachelor’s Degree,Less than 500,Kuwaiti,Other
2022/04/02 11:08:21 PM GMT+3,3,3,2,2,2,2,2,2,2,2,2,2,2,3,3,3,1,1,Male,31-45,Married,Bachelor’s Degree,Prefer not to say,Kuwaiti,Government Sector
2022/04/02 11:08:34 PM GMT+3,4,3,4,3,2,2,3,2,2,4,3,4,5,4,4,4,2,2,Female,18-30,Single,High school diploma or equivalent degree,Prefer not to say,Kuwaiti,Other
2022/04/02 11:40:29 PM GMT+3,4,4,4,2,4,2,2,3,4,4,3,3,4,1,2,4,3,2,Female,18-30,Single,Bachelor’s Degree,Prefer not to say,Kuwaiti,Private Sector
2022/04/02 11:51:28 PM GMT+3,3,3,2,1,2,2,2,2,3,2,3,2,3,3,3,2,3,3,Male,18-30,Single,Bachelor’s Degree,Less than 500,Kuwaiti,Free Business
2022/04/03 12:01:26 AM GMT+3,3,4,3,3,2,2,2,3,2,4,3,4,4,3,3,3,1,1,Female,18-30,Other,High school diploma or equivalent degree,500 to 1000,Kuwaiti,Other
2022/04/03 12:15:37 AM GMT+3,3,3,4,3,3,3,3,2,1,3,3,4,3,3,3,3,1,3,Male,18-30,Single,High school diploma or equivalent degree,Less than 500,Kuwaiti,Private Sector
2022/04/03 12:40:13 AM GMT+3,3,3,2,3,3,3,3,3,1,3,3,3,2,3,2,2,2,3,Female,18-30,Single,Bachelor’s Degree,Prefer not to say,Kuwaiti,Other
2022/04/03 12:46:22 AM GMT+3,3,4,3,2,3,2,2,1,1,3,1,3,3,3,2,4,2,2,Female,18-30,Single,High school diploma or equivalent degree,Less than 500,Kuwaiti,Other
2022/04/03 4:45:18 AM GMT+3,3,5,3,4,3,5,4,3,4,4,3,4,4,4,2,1,1,1,Female,18-30,Single,Bachelor’s Degree,500 to 1000,Kuwaiti,Government Sector
2022/04/03 12:05:49 PM GMT+3,4,4,4,3,2,3,4,3,3,4,3,4,4,2,2,3,2,2,Male,18-30,Single,Master’s Degree,More than 1000,Kuwaiti,Private Sector
2022/04/03 12:07:42 PM GMT+3,3,3,3,3,3,3,3,3,3,3,3,3,3,3,3,3,3,3,Male,31-45,Married,Bachelor’s Degree,More than 1000,Kuwaiti,Private Sector
2022/04/03 12:09:35 PM GMT+3,4,4,5,5,4,3,5,5,4,4,3,5,3,4,3,5,4,3,Male,18-30,Single,Bachelor’s Degree,500 to 1000,Kuwaiti,Private Sector
2022/04/03 12:16:21 PM GMT+3,5,5,5,5,5,3,4,2,3,4,4,5,5,5,3,3,2,2,Female,31-45,Single,Bachelor’s Degree,Less than 500,Kuwaiti,Private Sector
2022/04/03 1:25:49 PM GMT+3,4,3,4,3,4,3,4,4,3,3,3,4,3,4,3,3,3,3,Male,18-30,Single,Bachelor’s Degree,More than 1000,Kuwaiti,Government Sector
2022/04/03 3:19:47 PM GMT+3,5,4,5,4,4,4,4,5,5,5,5,5,5,5,5,5,5,5,Male,18-30,Married,Bachelor’s Degree,More than 1000,Kuwaiti,Private Sector
2022/04/03 3:21:10 PM GMT+3,3,3,4,4,4,3,3,3,1,5,5,5,5,5,3,3,2,2,Male,18-30,Married,Bachelor’s Degree,More than 1000,Kuwaiti,Free Business
2022/04/03 3:24:07 PM GMT+3,2,1,3,1,1,1,1,1,1,2,1,1,1,1,1,1,1,1,Male,18-30,Married,Master’s Degree,More than 1000,Kuwaiti,Private Sector
2022/04/03 3:43:25 PM GMT+3,4,3,2,5,4,3,5,4,4,1,2,3,2,2,3,2,3,2,Male,18-30,Single,Master’s Degree,More than 1000,Kuwaiti,Government Sector
2022/04/03 3:44:06 PM GMT+3,4,4,2,3,3,3,2,3,3,3,3,3,3,3,4,3,2,3,Male,18-30,Single,Bachelor’s Degree,More than 1000,Kuwaiti,Government Sector
2022/04/03 3:44:46 PM GMT+3,3,4,3,3,3,3,3,3,4,3,3,3,3,4,4,4,4,3,Female,18-30,Married,Bachelor’s Degree,More than 1000,Kuwaiti,Private Sector
2022/04/03 3:47:44 PM GMT+3,4,4,4,3,4,4,3,4,3,4,4,4,4,3,3,5,3,3,Female,18-30,Single,High school diploma or equivalent degree,Less than 500,Kuwaiti,Other
2022/04/03 5:48:09 PM GMT+3,4,3,3,4,4,3,5,5,4,4,4,5,4,5,4,4,5,4,Male,31-45,Single,Bachelor’s Degree,More than 1000,Kuwaiti,Government Sector
2022/04/03 5:48:47 PM GMT+3,2,3,2,2,2,3,3,2,2,2,3,2,3,3,3,3,2,3,Male,18-30,Single,Bachelor’s Degree,More than 1000,Kuwaiti,Government Sector
2022/04/03 5:49:23 PM GMT+3,4,4,3,3,4,3,3,3,2,2,4,3,4,3,4,3,3,4,Male,18-30,Single,Bachelor’s Degree,More than 1000,Kuwaiti,Private Sector
2022/04/03 5:49:49 PM GMT+3,2,2,2,2,3,2,3,3,3,3,3,3,3,3,2,2,3,2,Female,Below 18,Single,No formal studies,Less than 500,Kuwaiti,Free Business
2022/04/03 5:50:54 PM GMT+3,3,3,2,4,4,3,3,4,3,2,3,2,4,4,3,3,2,4,Male,31-45,Married,Bachelor’s Degree,500 to 1000,Kuwaiti,Government Sector
2022/04/03 5:51:42 PM GMT+3,5,4,5,5,4,4,5,4,5,4,5,4,4,4,5,5,4,4,Female,18-30,Single,Bachelor’s Degree,500 to 1000,Kuwaiti,Government Sector
2022/04/03 5:52:29 PM GMT+3,1,2,1,1,2,2,1,1,2,1,2,2,1,1,2,1,2,1,Female,Below 18,Single,High school diploma or equivalent degree,Less than 500,Kuwaiti,Government Sector
2022/04/03 5:53:18 PM GMT+3,3,3,3,3,3,4,3,3,4,4,4,3,3,4,3,4,3,4,Male,18-30,Single,Bachelor’s Degree,More than 1000,Kuwaiti,Government Sector
2022/04/03 7:37:09 PM GMT+3,3,2,4,4,5,4,3,3,4,3,3,4,3,4,3,3,4,4,Female,18-30,Married,Bachelor’s Degree,More than 1000,Kuwaiti,Government Sector
2022/04/03 10:06:30 PM GMT+3,5,4,4,4,4,3,3,3,3,4,3,4,4,3,3,3,3,3,Male,Below 18,Single,No formal studies,Less than 500,Kuwaiti,Other
2022/04/03 10:07:24 PM GMT+3,2,2,3,3,3,3,3,3,2,3,3,3,3,3,3,3,3,3,Male,18-30,Single,High school diploma or equivalent degree,500 to 1000,Kuwaiti,Other
2022/04/03 10:08:03 PM GMT+3,4,4,5,4,4,4,3,3,5,4,5,5,5,5,4,4,4,5,Female,18-30,Single,Bachelor’s Degree,500 to 1000,Kuwaiti,Government Sector
2022/04/03 10:08:40 PM GMT+3,4,4,4,3,4,3,4,3,4,4,5,4,5,4,5,4,4,5,Male,18-30,Married,High school diploma or equivalent degree,500 to 1000,Kuwaiti,Other
2022/04/03 10:29:24 PM GMT+3,4,4,3,3,3,3,4,4,4,5,3,3,4,3,4,3,2,3,Female,18-30,Single,Bachelor’s Degree,More than 1000,Kuwaiti,Private Sector
2022/04/03 10:29:51 PM GMT+3,3,2,4,3,2,3,2,4,4,4,3,3,3,3,2,3,2,3,Male,18-30,Single,Bachelor’s Degree,500 to 1000,Kuwaiti,Government Sector
2022/04/03 10:44:53 PM GMT+3,4,4,3,4,4,3,3,3,3,4,4,4,4,3,3,4,3,3,Female,18-30,Single,Bachelor’s Degree,500 to 1000,Kuwaiti,Government Sector
2022/04/03 11:48:39 PM GMT+3,3,4,4,4,3,4,3,5,4,3,4,4,4,4,4,4,4,4,Female,18-30,Married,High school diploma or equivalent degree,500 to 1000,Kuwaiti,Government Sector
2022/04/03 11:49:11 PM GMT+3,2,3,3,2,3,3,2,2,2,2,3,3,3,3,2,3,2,1,Male,31-45,Married,Bachelor’s Degree,More than 1000,Kuwaiti,Government Sector
2022/04/03 11:49:47 PM GMT+3,4,3,4,3,3,4,4,3,4,3,3,3,4,4,4,3,3,4,Female,31-45,Married,Bachelor’s Degree,500 to 1000,Kuwaiti,Government Sector
2022/04/03 11:50:23 PM GMT+3,3,3,3,3,3,3,3,4,2,3,2,3,4,3,3,4,2,3,Female,Above 45,Married,Bachelor’s Degree,More than 1000,Kuwaiti,Government Sector
2022/04/04 1:45:47 AM GMT+3,3,4,4,3,4,3,3,4,3,4,4,3,4,2,3,4,3,3,Male,Below 18,Single,No formal studies,Less than 500,Kuwaiti,Other
2022/04/04 1:46:19 AM GMT+3,3,3,2,2,3,4,4,3,4,2,3,2,3,3,4,3,4,3,Male,18-30,Single,Bachelor’s Degree,More than 1000,Kuwaiti,Private Sector
2022/04/04 1:46:52 AM GMT+3,3,3,4,3,4,3,3,4,3,3,4,3,3,3,4,3,4,3,Female,18-30,Single,High school diploma or equivalent degree,Less than 500,Kuwaiti,Other
2022/04/04 1:47:18 AM GMT+3,3,3,3,4,3,2,3,4,4,3,3,3,3,3,2,4,4,3,Male,18-30,Single,Bachelor’s Degree,More than 1000,Kuwaiti,Private Sector
2022/04/04 1:47:43 AM GMT+3,4,3,3,4,3,4,4,3,4,2,4,4,3,4,3,4,4,3,Male,18-30,Single,Bachelor’s Degree,More than 1000,Kuwaiti,Private Sector
2022/04/04 1:48:10 AM GMT+3,4,2,4,2,4,4,3,4,4,3,3,3,4,4,3,3,3,4,Female,Above 45,Married,Bachelor’s Degree,More than 1000,Kuwaiti,Government Sector
2022/04/04 1:48:38 AM GMT+3,3,2,3,3,3,4,3,3,3,3,3,3,4,4,3,2,4,4,Male,18-30,Married,Bachelor’s Degree,More than 1000,Kuwaiti,Government Sector
2022/04/04 1:49:08 AM GMT+3,2,2,2,2,2,2,2,2,2,2,2,2,2,2,2,2,2,2,Female,18-30,Single,High school diploma or equivalent degree,Less than 500,Non Kuwaiti,Private Sector
2022/04/04 1:49:44 AM GMT+3,3,2,4,3,3,2,4,4,2,3,3,3,3,3,3,2,4,3,Female,18-30,Single,Bachelor’s Degree,500 to 1000,Kuwaiti,Private Sector
2022/04/04 1:50:25 AM GMT+3,2,3,2,3,2,3,3,3,3,3,3,2,3,3,2,3,3,3,Male,18-30,Single,High school diploma or equivalent degree,Less than 500,Kuwaiti,Other
2022/04/04 1:50:55 AM GMT+3,4,4,5,4,4,5,4,5,4,5,5,5,4,4,4,5,5,5,Female,18-30,Single,High school diploma or equivalent degree,500 to 1000,Kuwaiti,Free Business
2022/04/04 1:51:21 AM GMT+3,4,5,5,4,5,4,5,5,5,5,5,5,5,5,5,5,5,5,Female,18-30,Single,Bachelor’s Degree,500 to 1000,Kuwaiti,Free Business
2022/04/04 1:51:51 AM GMT+3,4,3,3,4,4,3,4,4,4,3,4,4,4,4,3,3,3,4,Male,18-30,Single,Bachelor’s Degree,More than 1000,Kuwaiti,Private Sector
2022/04/04 2:36:25 PM GMT+3,5,5,5,4,5,5,4,5,5,4,5,5,5,5,5,5,5,5,Female,31-45,Married,Bachelor’s Degree,More than 1000,Kuwaiti,Government Sector
2022/04/04 3:10:11 PM GMT+3,3,3,4,4,3,2,1,1,1,2,2,3,3,2,2,3,1,1,Female,18-30,Single,Bachelor’s Degree,More than 1000,Kuwaiti,Government Sector
2022/04/04 6:48:16 PM GMT+3,3,3,3,3,3,3,3,3,3,3,3,3,3,3,3,3,3,3,Female,18-30,Single,Bachelor’s Degree,More than 1000,Kuwaiti,Government Sector
2022/04/04 6:48:48 PM GMT+3,3,3,4,3,3,3,3,4,2,2,4,3,3,3,3,3,3,3,Female,18-30,Single,High school diploma or equivalent degree,Less than 500,Kuwaiti,Government Sector
2022/04/04 6:50:36 PM GMT+3,5,5,5,5,5,3,5,5,5,5,5,5,5,5,5,5,5,5,Female,18-30,Single,Bachelor’s Degree,Prefer not to say,Kuwaiti,Government Sector
2022/04/04 6:54:00 PM GMT+3,3,2,2,1,1,1,1,1,1,1,1,2,2,1,1,2,1,1,Female,18-30,Single,Bachelor’s Degree,Less than 500,Kuwaiti,Private Sector
2022/04/04 7:00:48 PM GMT+3,5,3,5,4,3,3,1,1,1,1,3,4,4,3,1,3,1,1,Female,18-30,Divorced,Bachelor’s Degree,Less than 500,Kuwaiti,Other
2022/04/04 7:02:05 PM GMT+3,3,2,1,1,1,1,2,1,1,2,1,2,2,3,1,1,1,1,Female,18-30,Single,Bachelor’s Degree,Prefer not to say,Kuwaiti,Other
2022/04/04 7:04:04 PM GMT+3,3,3,3,3,3,3,3,3,3,3,3,3,3,3,3,3,3,4,Female,18-30,Single,Bachelor’s Degree,Less than 500,Kuwaiti,Other
2022/04/04 7:05:59 PM GMT+3,3,3,3,3,3,3,3,3,3,3,3,3,3,3,3,3,3,3,Female,18-30,Single,High school diploma or equivalent degree,Less than 500,Kuwaiti,Other
2022/04/04 7:09:36 PM GMT+3,3,4,2,3,3,1,3,2,3,4,4,5,4,3,3,4,3,3,Female,Below 18,Single,High school diploma or equivalent degree,Prefer not to say,Kuwaiti,Other
2022/04/04 7:16:46 PM GMT+3,4,4,4,4,4,3,3,2,2,2,3,3,3,3,3,3,3,3,Male,31-45,Married,Bachelor’s Degree,More than 1000,Kuwaiti,Government Sector
2022/04/04 7:17:16 PM GMT+3,3,4,4,3,2,2,3,2,2,4,3,3,3,3,2,2,1,2,Female,18-30,Married,Bachelor’s Degree,500 to 1000,Kuwaiti,Government Sector
2022/04/04 7:21:20 PM GMT+3,3,3,3,3,3,3,3,3,3,4,3,3,3,3,3,3,3,3,Female,18-30,Single,Master’s Degree,Prefer not to say,Non Kuwaiti,Other
2022/04/04 7:27:51 PM GMT+3,5,5,4,3,4,4,4,3,3,5,5,4,4,5,4,5,4,4,Female,18-30,Single,Bachelor’s Degree,500 to 1000,Kuwaiti,Other
2022/04/04 7:33:46 PM GMT+3,4,3,4,2,2,2,3,3,3,4,3,5,5,3,3,4,3,3,Female,18-30,Single,Bachelor’s Degree,500 to 1000,Kuwaiti,Government Sector
2022/04/04 7:46:18 PM GMT+3,5,5,5,5,5,5,5,5,5,5,5,5,5,5,5,5,5,5,Female,18-30,Single,High school diploma or equivalent degree,500 to 1000,Kuwaiti,Government Sector
2022/04/04 7:47:32 PM GMT+3,1,1,1,1,1,1,1,1,1,1,1,1,1,2,2,2,2,3,Male,31-45,Single,Bachelor’s Degree,More than 1000,Kuwaiti,Government Sector
2022/04/04 7:54:39 PM GMT+3,3,4,2,4,3,4,4,5,3,3,3,3,3,3,4,3,2,3,Female,18-30,Single,High school diploma or equivalent degree,Less than 500,Kuwaiti,Other
2022/04/04 8:19:02 PM GMT+3,3,3,4,2,3,2,2,3,1,3,3,4,4,3,2,3,1,1,Female,18-30,Married,Bachelor’s Degree,Less than 500,Kuwaiti,Other
2022/04/04 8:29:12 PM GMT+3,1,1,2,2,3,2,2,2,2,2,3,2,2,2,3,2,2,2,Female,18-30,Married,Bachelor’s Degree,More than 1000,Kuwaiti,Government Sector
2022/04/04 9:16:20 PM GMT+3,3,3,2,3,4,2,2,1,3,3,3,3,1,2,2,3,3,3,Female,18-30,Single,High school diploma or equivalent degree,Prefer not to say,Kuwaiti,Government Sector
2022/04/04 9:48:23 PM GMT+3,2,3,1,2,1,1,1,1,1,1,1,3,3,2,2,1,1,1,Female,18-30,Single,Bachelor’s Degree,Less than 500,Kuwaiti,Government Sector
2022/04/04 9:51:17 PM GMT+3,1,3,3,3,3,3,3,3,3,3,3,3,3,3,3,3,3,3,Female,18-30,Single,Bachelor’s Degree,Prefer not to say,Kuwaiti,Other
2022/04/04 10:32:55 PM GMT+3,4,4,4,4,3,4,3,3,3,3,4,4,4,4,4,3,4,5,Female,18-30,Single,Bachelor’s Degree,Prefer not to say,Kuwaiti,Other
2022/04/04 11:13:38 PM GMT+3,5,5,5,4,3,4,3,4,5,5,5,5,5,3,4,5,5,4,Female,18-30,Single,Bachelor’s Degree,More than 1000,Kuwaiti,Government Sector
2022/04/04 11:17:44 PM GMT+3,2,2,2,2,2,2,2,2,2,2,2,2,2,2,2,2,2,2,Male,Below 18,Single,High school diploma or equivalent degree,Less than 500,Kuwaiti,Government Sector
2022/04/04 11:18:33 PM GMT+3,3,3,3,3,3,3,3,3,3,3,3,3,3,3,3,3,3,3,Male,Below 18,Single,High school diploma or equivalent degree,500 to 1000,Kuwaiti,Government Sector
2022/04/04 11:19:27 PM GMT+3,2,3,3,2,2,2,3,3,3,3,3,4,3,3,3,4,2,3,Female,18-30,Single,High school diploma or equivalent degree,500 to 1000,Kuwaiti,Government Sector
2022/04/04 11:21:18 PM GMT+3,4,3,3,4,4,3,3,3,3,3,3,3,4,4,3,3,3,3,Male,Below 18,Single,High school diploma or equivalent degree,Less than 500,Kuwaiti,Government Sector
2022/04/04 11:22:13 PM GMT+3,3,3,3,2,3,3,2,2,2,3,3,3,3,2,2,2,1,2,Female,Below 18,Single,High school diploma or equivalent degree,500 to 1000,Kuwaiti,Government Sector
2022/04/04 11:23:32 PM GMT+3,3,3,3,4,3,4,3,3,4,4,4,4,4,4,3,4,3,3,Male,Below 18,Single,High school diploma or equivalent degree,Less than 500,Kuwaiti,Government Sector
2022/04/04 11:24:17 PM GMT+3,3,3,3,3,3,3,3,3,3,4,4,4,4,4,4,3,1,3,Male,Below 18,Single,High school diploma or equivalent degree,Less than 500,Kuwaiti,Government Sector
2022/04/04 11:25:30 PM GMT+3,3,3,3,3,3,4,4,4,4,4,4,4,4,4,4,4,2,3,Female,Below 18,Single,High school diploma or equivalent degree,Less than 500,Kuwaiti,Government Sector
2022/04/04 11:27:43 PM GMT+3,3,3,3,4,3,3,3,3,3,4,4,4,4,4,4,3,2,3,Male,Below 18,Single,High school diploma or equivalent degree,Less than 500,Kuwaiti,Government Sector
2022/04/04 11:38:59 PM GMT+3,4,4,4,4,4,4,4,4,3,4,4,4,4,3,3,3,2,3,Male,18-30,Married,Bachelor’s Degree,More than 1000,Kuwaiti,Government Sector
2022/04/04 11:42:30 PM GMT+3,3,4,4,4,4,4,4,4,4,4,4,4,4,4,3,3,2,4,Female,18-30,Married,Bachelor’s Degree,500 to 1000,Kuwaiti,Government Sector
2022/04/05 3:10:22 AM GMT+3,3,2,3,5,2,3,2,3,3,1,1,3,2,2,1,2,2,2,Female,Below 18,Single,No formal studies,Less than 500,Kuwaiti,Other
2022/04/05 9:20:17 AM GMT+3,3,3,4,3,1,1,1,1,1,3,2,4,4,3,1,4,1,2,Female,18-30,Single,High school diploma or equivalent degree,Less than 500,Kuwaiti,Government Sector
2022/04/05 9:55:57 AM GMT+3,3,3,5,4,3,5,4,5,4,5,4,4,3,4,3,3,2,5,Female,18-30,Divorced,Bachelor’s Degree,More than 1000,Kuwaiti,Government Sector
2022/04/05 12:57:54 PM GMT+3,4,4,5,5,5,5,5,5,5,5,5,4,5,3,5,4,4,5,Female,18-30,Single,Bachelor’s Degree,Prefer not to say,Kuwaiti,Other
2022/04/05 6:50:22 PM GMT+3,1,1,1,1,1,1,1,1,1,1,1,1,1,1,1,1,1,1,Male,18-30,Single,Bachelor’s Degree,More than 1000,Kuwaiti,Free Business
2022/04/05 6:51:16 PM GMT+3,4,4,2,4,3,2,3,3,4,4,3,3,3,3,3,3,3,3,Male,18-30,Married,No formal studies,500 to 1000,Kuwaiti,Government Sector
2022/04/05 7:28:57 PM GMT+3,5,4,5,3,3,1,1,1,3,5,3,4,4,5,3,3,1,1,Female,18-30,Single,High school diploma or equivalent degree,Less than 500,Kuwaiti,Government Sector
2022/04/05 8:56:08 PM GMT+3,2,2,2,1,1,1,1,3,1,2,2,3,2,1,2,3,2,1,Male,31-45,Single,Bachelor’s Degree,500 to 1000,Kuwaiti,Private Sector
